[{"path":"\/token_image\/2016\/12\/04\/1480861437_584426fe0ac94_3091.png","checksum":"9a0f906860227b4de7ee5caa59fd2f5d"},{"path":"\/images\/2image_upload.png","checksum":"df0534ae198649984f956f992f430830"},{"path":"\/images\/common.css","checksum":"8b428961ba62f375d1900a27a0c85fb8"},{"path":"\/images\/common.js","checksum":"d41d8cd98f00b204e9800998ecf8427e"},{"path":"\/images\/icon_cart_empty.png","checksum":"cd32d74d2f247e0ae68d19d2b092846c"},{"path":"\/images\/jquery.form.js","checksum":"a9f9294e8fe70dd061206f9a424316ce"},{"path":"\/images\/jquery.gcjs.js","checksum":"5db808e20f06f3deb5f2c5b180e393ba"},{"path":"\/images\/jqueryui\/jquery-ui.css","checksum":"d71b301f6930a8a7cd193370e67867e2"},{"path":"\/images\/jqueryui\/jquery-ui.js","checksum":"f3062c8964db7da1f64d23fd4e3663b8"},{"path":"\/images\/jqueryui\/jquery-ui.min.css","checksum":"aa1ab05d0249019b4f3e08d3e8620260"},{"path":"\/images\/jqueryui\/jquery-ui.min.js","checksum":"af87fc2f6de8ad8dd737270dd967e718"},{"path":"\/images\/jqueryui\/jquery-ui.structure.css","checksum":"772b8b502c69dcb42286cdf7608c7a59"},{"path":"\/images\/jqueryui\/jquery-ui.structure.min.css","checksum":"d4a767c762efd24a23d0e22c9bcf5005"},{"path":"\/images\/photoswipe\/photoswipe-1.0.11.min.js","checksum":"baa753a02fa5c4aa9588c563edf4ce8d"},{"path":"\/images\/photoswipe\/photoswipe-icons.png","checksum":"fd9479c719fbb3057c383832be86906d"},{"path":"\/images\/photoswipe\/photoswipe-icons@2x.png","checksum":"feaac34e0454adac63f34484d6aa2102"},{"path":"\/images\/photoswipe\/photoswipe-loader.gif","checksum":"37e24e0370847870c1c43ea9ce19b1f4"},{"path":"\/images\/photoswipe\/photoswipe.css","checksum":"87683489f9a6f8ad8c61d53de1b5e2ed"},{"path":"\/images\/photoswipe\/simple-inheritance.min.js","checksum":"6e37985065c179b1fcde8cd3c99806f5"},{"path":"\/images\/region_select.js","checksum":"b50e90150397bc60c1edd15e113c9733"},{"path":"\/images\/style.css","checksum":"a53501f067c0f61329de56a9007817e3"},{"path":"\/images\/swipe.js","checksum":"333b2db30ba4d83976548b617e008cab"},{"path":"\/images\/tooltipbox.js","checksum":"787f38048edb6556169f5600526468ff"},{"path":"\/images\/touchslider.min.js","checksum":"d7497dfd0b91048e86cfa27ff2e55e26"},{"path":"\/images\/uploadify_t.css","checksum":"d4d40bc73c273c33712c1fa15b6d9365"},{"path":"\/inc\/core\/Business\/LetvPlayBusiness.class.php","checksum":"5621cca588e0062ec1724acbedee032d"},{"path":"\/inc\/core\/Business\/NoticeBusiness.class.php","checksum":"b65cad5d89e176abeff4ca0d9467f5c0"},{"path":"\/inc\/core\/Component\/ChatRobotComponent.class.php","checksum":"2a03db8c59ee5edc54c9c166787be5e1"},{"path":"\/inc\/core\/Component\/DrawLogComponent.class.php","checksum":"1fc0b7570dcb03840deab7856ac529f5"},{"path":"\/inc\/core\/Component\/FilterComponent.class.php","checksum":"01a5e71258fb5f013898a698307f200f"},{"path":"\/inc\/core\/Component\/ForbidComponent.class.php","checksum":"326ccd6c7a48d379c1ea6d4e5bd1b9c0"},{"path":"\/inc\/core\/Component\/LivePlayComponent.class.php","checksum":"423390744861ca13b671cc6f2136b604"},{"path":"\/inc\/core\/Component\/LiveVideoComponent.class.php","checksum":"bdbfde526146762134e146587aa4f65a"},{"path":"\/inc\/core\/Component\/MemberComponent.class.php","checksum":"ac78e086ade86a8873bb5ae36036178a"},{"path":"\/inc\/core\/Component\/NoticeComponent.class.php","checksum":"2cff09fd7282a9eabf6d242cd38af592"},{"path":"\/inc\/core\/Component\/RedPackComponent.class.php","checksum":"c1c8032082c53c6d848537146158d1e6"},{"path":"\/inc\/core\/Component\/SaveCertComponent.class.php","checksum":"dd649f5356c275a2b80232de2c83d89f"},{"path":"\/inc\/core\/Component\/SmsComponent.class.php","checksum":"553839e91da354a491563de5b2df5426"},{"path":"\/inc\/core\/Component\/VipComponent.class.php","checksum":"14a32fc9ba7642f52afee45c010d28e4"},{"path":"\/inc\/core\/Exception\/ChatRobot.class.php","checksum":"87127ec78afe220eab989ee2214bb514"},{"path":"\/inc\/core\/Exception\/Filter.class.php","checksum":"a1d91da7a564ee65a11ce99841cdfeb7"},{"path":"\/inc\/core\/Exception\/Forbid.class.php","checksum":"64893e05c6ddd1aeddb22a28bfcd7853"},{"path":"\/inc\/core\/Exception\/Function.php","checksum":"61ba193065c65c8486e858d7cf5b4d65"},{"path":"\/inc\/core\/Exception\/Notice.class.php","checksum":"9bf234c98d14eebf3238b2caca984c52"},{"path":"\/inc\/core\/Exception\/S.class.php","checksum":"8aef4cf737e858aa5e04560d036aeb06"},{"path":"\/inc\/core\/Exception\/Vip.class.php","checksum":"2286cdd9ce4dbd883555724cfa6046b7"},{"path":"\/inc\/core\/Exception\/app61.lock","checksum":"dcc4cacc764c6e485395c4bca3d4e9c3"},{"path":"\/inc\/core\/Exception\/settingform.inc.php","checksum":"b917b4d14eba3c1c92ed597bd01ffe1e"},{"path":"\/inc\/core\/Model\/Admin.model.php","checksum":"6ac53cdc7d53b529e386b046b9fe2369"},{"path":"\/inc\/core\/Model\/AdminModel.class.php","checksum":"5579a3c10a2fcf4e2ae6ffb011a583ac"},{"path":"\/inc\/core\/Model\/Album.model.php","checksum":"05d55185c40607fd4835bc8ae27dc827"},{"path":"\/inc\/core\/Model\/AlbumModel.class.php","checksum":"5a442e3059e88ce0071d6955a32defce"},{"path":"\/inc\/core\/Model\/Chat.model.php","checksum":"ce965d222320fa5c347e68cecfe5f5f3"},{"path":"\/inc\/core\/Model\/ChatMessage.model.php","checksum":"c9a43315584b9ef7db31b0ff4ff05bef"},{"path":"\/inc\/core\/Model\/ChatMessageModel.class.php","checksum":"6e0d3bfd8927257497d0e1d9d8a00529"},{"path":"\/inc\/core\/Model\/ChatModel.class.php","checksum":"934f0624eb8b91e672019d75c074081a"},{"path":"\/inc\/core\/Model\/Chatroom.model.php","checksum":"08769d7cee6858a9f3ff9e44c2b84a82"},{"path":"\/inc\/core\/Model\/ChatroomDefriend.model.php","checksum":"938d135879b175a094595cbc3d0bf1a2"},{"path":"\/inc\/core\/Model\/ChatroomDefriendModel.class.php","checksum":"230d33b00cca2f98769c8aefd0da93db"},{"path":"\/inc\/core\/Model\/ChatroomLog.model.php","checksum":"bdf9252c2464b05facbeb506b9d36d1e"},{"path":"\/inc\/core\/Model\/ChatroomLogModel.class.php","checksum":"62ce3a61644d5966469dfa537a1d7160"},{"path":"\/inc\/core\/Model\/ChatroomModel.class.php","checksum":"210dbd7bd933f56c76485a1bb1964478"},{"path":"\/inc\/core\/Model\/Comment.model.php","checksum":"2abc67fb699ec599a9155dc2db01b4aa"},{"path":"\/inc\/core\/Model\/CommentModel.class.php","checksum":"c2d2f5ee703a98ecf8adc4b6b4361030"},{"path":"\/inc\/core\/Model\/Credit.model.php","checksum":"c58cafe21c632becdb111a048d2010de"},{"path":"\/inc\/core\/Model\/CreditModel.class.php","checksum":"c76244a2ee7ae9c9a6d2af0539700e5d"},{"path":"\/inc\/core\/Model\/Defriend.model.php","checksum":"d753e02b16ef679f6aa043ce7ea6d89f"},{"path":"\/inc\/core\/Model\/DefriendModel.class.php","checksum":"d0d53904f8e6cb82059296d2bd43423a"},{"path":"\/inc\/core\/Model\/DrawLogModel.class.php","checksum":"600ce300affdd554e441857ceb781b3f"},{"path":"\/inc\/core\/Model\/FeedbackModel.class.php","checksum":"6f0e51492f56d006f69f13c940af013f"},{"path":"\/inc\/core\/Model\/Growth.model.php","checksum":"fa00216cbe681457d77d4ff0ce684949"},{"path":"\/inc\/core\/Model\/GrowthModel.class.php","checksum":"0d5f081b1be9a803e87b648373c36f9b"},{"path":"\/inc\/core\/Model\/LetvModel.class.php","checksum":"78053690531d04aa56d9389611ac7cf7"},{"path":"\/inc\/core\/Model\/LvbModel.class.php","checksum":"7a1554fa4cfed10e5ee7cdb0021c637f"},{"path":"\/inc\/core\/Model\/Member.model.php","checksum":"d9ff7295270bba8d5defe57281ae4957"},{"path":"\/inc\/core\/Model\/MemberModel.class.php","checksum":"62d22a28cb7409de514ffa9b46ab20c9"},{"path":"\/inc\/core\/Model\/MenuModel.class.php","checksum":"9834cb21b5e572b464234aa082a5ab4f"},{"path":"\/inc\/core\/Model\/Moments.model.php","checksum":"1ce3f4db0ecd212c52f64a535347b263"},{"path":"\/inc\/core\/Model\/MomentsModel.class.php","checksum":"83433528084a6da811392d567092bdcf"},{"path":"\/inc\/core\/Model\/RewardsModel.class.php","checksum":"2f8d4a701b4038a3dac9cfb7c1a17fa9"},{"path":"\/inc\/core\/Model\/Settings.model.php","checksum":"3ac06135174f713231719c42261a09dc"},{"path":"\/inc\/core\/Model\/SettingsModel.class.php","checksum":"0516159f5de55d3c18fb47349b387ee2"},{"path":"\/inc\/core\/class\/activity.class.php","checksum":"43b2375c1ff0efedd29ee2f9948d177d"},{"path":"\/inc\/core\/class\/fans.class.php","checksum":"1ad3bdb46eceb87040f28ff664e237b5"},{"path":"\/inc\/core\/class\/forum.class.php","checksum":"80665205ccfc78345510a671fd422e13"},{"path":"\/inc\/core\/class\/home.class.php","checksum":"1d57d3806810aff50ef930158ae4ec91"},{"path":"\/inc\/core\/class\/member.class.php","checksum":"b6dd7b58c555e06411c43ad955cff1da"},{"path":"\/inc\/core\/class\/message.class.php","checksum":"400f45d2471dfc82420b3eb595951215"},{"path":"\/inc\/core\/class\/per.class.php","checksum":"8dcf1eb068c366089331ab7ef026f14e"},{"path":"\/inc\/core\/class\/plus.class.php","checksum":"4e72f17a219ef398ffd7e30d8a61045d"},{"path":"\/inc\/core\/class\/simple_html_dom.php","checksum":"63d1f87610b76ce6c3ab72a50e9cc757"},{"path":"\/inc\/core\/class\/template.class.php","checksum":"9f59a17b30f8545150cee1d0d96e2163"},{"path":"\/inc\/core\/class\/update.class.php","checksum":"29565b5f3d5273d7df425e8c490e2821"},{"path":"\/inc\/core\/config\/filter.inc","checksum":"ffbcab0057f2b27a2e89ca3ff3c22fe1"},{"path":"\/inc\/core\/function\/back.func.php","checksum":"9b0008dc3300114df6b27db014ae75f9"},{"path":"\/inc\/core\/function\/delete.func.php","checksum":"eeaa4cd441044dc8c99d62434f451897"},{"path":"\/inc\/core\/function\/file.func.php","checksum":"05ed3f6c52d9a745ee79244c5ef90eb8"},{"path":"\/inc\/core\/function\/forum.func.php","checksum":"15ab560a44fe0063d2f01b132e9b192b"},{"path":"\/inc\/core\/function\/qiniu.mod.php","checksum":"643a1c2e62e25ab98b0dc1ccb009ca43"},{"path":"\/inc\/core\/function\/tpl.func.php","checksum":"d3dd210de9cc24e7c89686645ca9d6c3"},{"path":"\/inc\/core\/init.php","checksum":"f5590c35b07e77229e3981dba7188397"},{"path":"\/inc\/core\/qiniu\/auth_digest.php","checksum":"40a3e6c4b60ad66f4b4c88513750650c"},{"path":"\/inc\/core\/qiniu\/conf.php","checksum":"f76b1ddccfc4bdd19a4a45c44ee2cc7e"},{"path":"\/inc\/core\/qiniu\/fop.php","checksum":"4f07273101bb101acec9fa36fca4369e"},{"path":"\/inc\/core\/qiniu\/http.php","checksum":"69ea9972b7133a090385ae8b207e37c7"},{"path":"\/inc\/core\/qiniu\/io.php","checksum":"f8a32ed2411fd926127e3a889c6666fe"},{"path":"\/inc\/core\/qiniu\/pfop.php","checksum":"75da6061cef9d6b8092daf21bf5ba922"},{"path":"\/inc\/core\/qiniu\/resumable_io.php","checksum":"5b8cf8d7f8e25bfcf8c3c115c9dc1949"},{"path":"\/inc\/core\/qiniu\/rs.php","checksum":"ed4d85837eb87533be3b22ea0f019daf"},{"path":"\/inc\/core\/qiniu\/rs_utils.php","checksum":"85a15f7ad7c1b6f63591701734c64d9a"},{"path":"\/inc\/core\/qiniu\/rsf.php","checksum":"48231820ae2e1b00e600bdf8d72c4afc"},{"path":"\/inc\/core\/qiniu\/utils.php","checksum":"d978631afaacdd098ca74164029e67f2"},{"path":"\/inc\/core\/task\/first_like.task.php","checksum":"37ca31c2ea2f601ccf3fa0d53e01aba2"},{"path":"\/inc\/core\/task\/first_post.task.php","checksum":"d0ee89938e01ce96c377918f98cf8735"},{"path":"\/inc\/core\/task\/first_read.task.php","checksum":"53bd92d1bf3d4c0c1f30f6e2c86edb95"},{"path":"\/inc\/core\/task\/first_share.task.php","checksum":"107f1031f067d82f7c2b6be1b90bd450"},{"path":"\/inc\/core\/task\/friend.task.php","checksum":"172aa0a2e4728dc7300967ffb723cb28"},{"path":"\/inc\/core\/task\/sign.inc.php","checksum":"17ef92db6616adcaa8cf1a05c2f9b6a1"},{"path":"\/inc\/core\/task\/topic_good.inc.php","checksum":"f63efc06e970c613ac196de79025eece"},{"path":"\/inc\/core\/task\/topic_post.inc.php","checksum":"7c1ba22274594c279b2def2b81b93c46"},{"path":"\/inc\/core\/task\/topic_reply.inc.php","checksum":"7e84ef252e7189145c23ae66dc9c588f"},{"path":"\/inc\/core\/task\/topic_share.inc.php","checksum":"62f841589ddf604e9f3c577431d4eb4b"},{"path":"\/inc\/core\/task\/update_user.task.php","checksum":"7668545b72e407d46df36a4284950fae"},{"path":"\/install.php","checksum":"056f6cbeabd81912f90f57676b8d0ce0"},{"path":"\/module.php","checksum":"c952b5e1056db46208bec6b25f789d26"},{"path":"\/preview.jpg","checksum":"ae0421f1f375c02907445c9b208b0fbb"},{"path":"\/site.php","checksum":"9a50d00f3eb55fd210e9256d047bdc98"},{"path":"\/sn.txt","checksum":"32921eaa9f3a0a48688bd6922e7cfec8"},{"path":"\/template\/adv.html","checksum":"baf9981d392f25d747c83c084abf5555"},{"path":"\/template\/category.html","checksum":"c881ecdf86eb5fb0acd0f0ad3633473c"},{"path":"\/template\/common.html","checksum":"06e0091002d2e915db5843c663fb805b"},{"path":"\/template\/dispatch.html","checksum":"d002b7ea6c2b84cb4af74107efaa11cd"},{"path":"\/template\/express.html","checksum":"45ff99d933705060fa649138aa26e524"},{"path":"\/template\/mobile\/address.html","checksum":"e6c95cbaa1d3d567d371b3f4b1a96b8d"},{"path":"\/template\/mobile\/baogao_form.html","checksum":"6d8ee54853d1430a471ecda2832f7935"},{"path":"\/template\/mobile\/baogao_list.html","checksum":"f4870dd798973bd9129fad97b7a86d13"},{"path":"\/template\/mobile\/bottom.html","checksum":"b07ac7075046527e22655a95b02698ee"},{"path":"\/template\/mobile\/cart.html","checksum":"6efdb9808f34f5770d245451d7184792"},{"path":"\/template\/mobile\/common.html","checksum":"3c35db39d2935e056ebaacd559ade788"},{"path":"\/template\/mobile\/confirm.html","checksum":"166d112dc89f6c6cbc22581560b9a879"},{"path":"\/template\/mobile\/contactus.html","checksum":"d7a2dce53f3a7d3ceff3be58fbfadaab"},{"path":"\/template\/mobile\/detail.html","checksum":"0fe5ac62ee62a31f31a4cc13fc72373e"},{"path":"\/template\/mobile\/detail_more.html","checksum":"017bce1e2b5c73e7bb7f093babb89c84"},{"path":"\/template\/mobile\/footer.html","checksum":"17f5f0950b9e4d9ca0ed795713287cba"},{"path":"\/template\/mobile\/footerbar.html","checksum":"cfa670901e0b0683c708494654982772"},{"path":"\/template\/mobile\/header.html","checksum":"45dd59591980017d6812c7a1a78f77c8"},{"path":"\/template\/mobile\/images\/top.png","checksum":"ee44c548cf7ac170722783a4afdd60b9"},{"path":"\/template\/mobile\/list.html","checksum":"ed582b80c458e898fe0828a412b604c2"},{"path":"\/template\/mobile\/list2.html","checksum":"119789a5b557620aae19c6ed4d88b853"},{"path":"\/template\/mobile\/list_1.html","checksum":"673b95b39f30fc18b560ac417f74ae91"},{"path":"\/template\/mobile\/list_more.html","checksum":"a0e8ab4f61c14f4d1d41554adfcf5c81"},{"path":"\/template\/mobile\/order.html","checksum":"6220e76d2206c20d4e94f51f58e36324"},{"path":"\/template\/mobile\/order_detail.html","checksum":"69cbfd708d0b64a54b9cdef1c0ce5ce0"},{"path":"\/template\/mobile\/pay.html","checksum":"e1acf2bb7792c72331c7f1825443addf"},{"path":"\/template\/mobile\/publish.html","checksum":"d013e4164e3c34af5b9c6bb55227818b"},{"path":"\/template\/mobile\/rule.html","checksum":"db3d1dffdc3f09af2007f090da8df2f1"},{"path":"\/template\/mobile\/tip.html","checksum":"0ccb481108eb89e9a79d076d0511973a"},{"path":"\/template\/news.html","checksum":"f7c0d96d06c5c4f1ce9b17e3c0859b10"},{"path":"\/template\/news_category.html","checksum":"060ee4c630a7881c7c52f871e957001e"},{"path":"\/template\/notice.html","checksum":"976fa2ec95640605e4e75bddec8367f2"},{"path":"\/template\/order.html","checksum":"1edc0efa7f7ae319c495cfc541e07d96"},{"path":"\/template\/project.html","checksum":"38db9de6d3efe4cb81dd6f1acb28f9c8"},{"path":"\/template\/rule.html","checksum":"bd9e409d6fc117a2367e1edd6c704e1a"},{"path":"\/template\/setting.html","checksum":"4ce532075e64de058aa113baaf97f43e"},{"path":"\/template\/style\/css\/font-awesome.min.css","checksum":"0831cba6a670e405168b84aa20798347"},{"path":"\/template\/style\/css\/style.css","checksum":"72264bc122ddc9009a27cc5c57f441c8"},{"path":"\/template\/style\/css\/tp\/barindex.min.384d01f8.css","checksum":"4071811f54a64b221dbe78a09f2290f6"},{"path":"\/template\/style\/css\/tp\/base.min.d4d7ccfa.css","checksum":"fd15a8d5849ca9c9978d191f1766b96f"},{"path":"\/template\/style\/css\/tp\/greenStyle.css","checksum":"d0b78ac63f4f4b0a4b80410adc1ec849"},{"path":"\/template\/style\/css\/tp\/jquery-emoji.css","checksum":"21d63e3c5166f5e68fb2aae3cafb5d48"},{"path":"\/template\/style\/css\/tp\/mGrzxTeacher.css","checksum":"1c47e8cc293dd147362304d4da58b83c"},{"path":"\/template\/style\/css\/tp\/reset.css","checksum":"656a40ef7fab2b3ca830e44bf8f03940"},{"path":"\/template\/style\/css\/tp\/weixin.css","checksum":"63668f0956e7de5a0fcd53cf12fec42b"},{"path":"\/template\/style\/images\/bj\/LICENSE","checksum":"4fa3b07cdfb2684115660e26e58e58fa"},{"path":"\/template\/style\/images\/bj\/README.md","checksum":"a04a3f38e5a68fd2482f4c6476ae21bc"},{"path":"\/template\/style\/images\/bj\/_config.yml","checksum":"02d696bf5d28ed6550f13c197549dc79"},{"path":"\/template\/style\/images\/bj\/artEditor.js","checksum":"41eb684bb371247170d7fd1cb7bf7ab6"},{"path":"\/template\/style\/images\/bj\/artEditor.min.js","checksum":"b83812c01f6f09168ef7cdf41950b83b"},{"path":"\/template\/style\/images\/bj\/example\/css\/style.css","checksum":"c1cf7c9bf48d8c5ba3d23c03c374c335"},{"path":"\/template\/style\/images\/bj\/example\/img\/img.png","checksum":"4e0f5a855a3def56efd00a1d1d8bca35"},{"path":"\/template\/style\/images\/bj\/example\/js\/index.js","checksum":"7fc16ec542974dc20471aff2a3a18ff1"},{"path":"\/template\/style\/images\/bj\/example\/js\/jquery-1.11.2.js","checksum":"c0b3962f9f23a89256a055c89a4aecf6"},{"path":"\/template\/style\/images\/bj\/index.html","checksum":"ab579cc82f27fc375f6a1e4ef4b875a2"},{"path":"\/template\/style\/images\/icons.png","checksum":"531d4b607365ac65b09a181216f0664d"},{"path":"\/template\/style\/images\/jquery.uploadView.js","checksum":"4cda0aa265d4b9875f631062322f1ef4"},{"path":"\/template\/style\/images\/my.png","checksum":"614800cde63442b098217026ebf06939"},{"path":"\/template\/style\/images\/text.png","checksum":"31ce52c7fcda199c56c6b568e734bda4"},{"path":"\/template\/style\/images\/time.png","checksum":"3eb29f8b7cc91bb3760586946ed93000"},{"path":"\/template\/style\/images\/top.png","checksum":"ee44c548cf7ac170722783a4afdd60b9"},{"path":"\/template\/style\/js\/TouchSlide.1.1.js","checksum":"c77c3f5ef9d3ce783b846851c0fc99c9"},{"path":"\/template\/style\/js\/ajaxupload.js","checksum":"9dcc37854e806b1609b069617a88e059"},{"path":"\/template\/style\/js\/deal_publish.js","checksum":"a02dd60736befffae019c874fdbda209"},{"path":"\/template\/style\/js\/edit_deal_item.js","checksum":"5134ff50321196454dfcd95382462863"},{"path":"\/template\/style\/js\/jquery-1.11.0.min.js","checksum":"a1cd7fc161a5cb1d7102d1e72ee1e67f"},{"path":"\/template\/style\/js\/jquery-1.8.2.min.js","checksum":"0b6ecf17e30037994d3ffee51b525914"},{"path":"\/template\/style\/js\/jquery.bgiframe.js","checksum":"54ca1eead6c555b8f07e29e2b10be836"},{"path":"\/template\/style\/js\/jquery.weebox.js","checksum":"9ccd4dc78bd3bf91e967088b27ac28d4"},{"path":"\/template\/style\/js\/juUI.js","checksum":"77498973f6458175417c9ab5c8d42cad"},{"path":"\/template\/style\/js\/plupload\/Moxie.swf","checksum":"a9448d4ccb5260d6b72dcfdb95ddcba9"},{"path":"\/template\/style\/js\/plupload\/Moxie.xap","checksum":"c3fd25f162096af3f9d312587ea0ba7f"},{"path":"\/template\/style\/js\/plupload\/plupload.full.min.js","checksum":"c868efaa8c3c0ed9c88784ddb6e3e3e5"},{"path":"\/template\/style\/js\/region.js","checksum":"76c0bd0efb5c4abbbf217b59c3139bcb"},{"path":"\/template\/style\/js\/script.js","checksum":"4f349d4b46f257c80d9d4800842f250d"},{"path":"\/template\/style\/js\/touch.js","checksum":"8a9a7b39c9ea274c337b8fd065bcb5df"},{"path":"\/template\/style\/js\/tp\/jquery.qqFace.js","checksum":"3d11d1120921e1a6b1567a5f01760a2e"},{"path":"\/template\/wcorder.html","checksum":"9c75704d28e330afd58a8ab3eea8e9f8"},{"path":"\/uninstall.php","checksum":"82b7c6d8cdc8ffc0ee7918bb33233d52"},{"path":"\/upgrade.php","checksum":"7d06239525dca43aaf91a033a1923eca"},{"path":"\/upload.php","checksum":"65597e020515db36cb38f996b0870188"}]